gpu_name,gpu_uuid,elapsed_seconds,nvidia_timestamp,gpu_clock_mhz,memory_clock_mhz,temperature_c,power_w,gpu_utilization_percent,memory_used_mb,throughput_tflops
NVIDIA GeForce RTX 3060 Laptop GPU,20606811-3bb2-e6b5-ec74-b477d9c1d1d8,5.0,2026/09/22 09:25:30.164,1612,7001,49,79.78,98,289,22.5125
NVIDIA GeForce RTX 3060 Laptop GPU,20606811-3bb2-e6b5-ec74-b477d9c1d1d8,10.12,2026/09/22 09:25:35.245,1620,7001,52,80.00,98,289,22.7599
NVIDIA GeForce RTX 3060 Laptop GPU,20606811-3bb2-e6b5-ec74-b477d9c1d1d8,15.19,2026/09/22 09:25:40.293,1605,7001,54,80.00,98,289,22.7599
NVIDIA GeForce RTX 3060 Laptop GPU,20606811-3bb2-e6b5-ec74-b477d9c1d1d8,20.23,2026/09/22 09:25:45.345,1762,7001,55,79.76,97,289,22.6499
NVIDIA GeForce RTX 3060 Laptop GPU,20606811-3bb2-e6b5-ec74-b477d9c1d1d8,25.3,2026/09/22 09:25:50.412,1620,7001,56,79.78,98,289,22.6774
NVIDIA GeForce RTX 3060 Laptop GPU,20606811-3bb2-e6b5-ec74-b477d9c1d1d8,30.36,2026/09/22 09:25:55.495,1597,7001,57,79.69,97,289,22.54
NVIDIA GeForce RTX 3060 Laptop GPU,20606811-3bb2-e6b5-ec74-b477d9c1d1d8,35.47,2026/09/22 09:26:00.590,1627,7001,59,79.94,94,289,22.1393
NVIDIA GeForce RTX 3060 Laptop GPU,20606811-3bb2-e6b5-ec74-b477d9c1d1d8,40.53,2026/09/22 09:26:05.655,1597,7001,60,79.89,97,289,22.1826
NVIDIA GeForce RTX 3060 Laptop GPU,20606811-3bb2-e6b5-ec74-b477d9c1d1d8,45.61,2026/09/22 09:26:10.745,1597,7001,61,79.89,96,289,22.2926
NVIDIA GeForce RTX 3060 Laptop GPU,20606811-3bb2-e6b5-ec74-b477d9c1d1d8,50.7,2026/09/22 09:26:15.830,1612,7001,62,80.01,97,289,22.3201
NVIDIA GeForce RTX 3060 Laptop GPU,20606811-3bb2-e6b5-ec74-b477d9c1d1d8,55.78,2026/09/22 09:26:20.914,1605,7001,62,79.93,97,289,22.4025
NVIDIA GeForce RTX 3060 Laptop GPU,20606811-3bb2-e6b5-ec74-b477d9c1d1d8,60.84,2026/09/22 09:26:25.980,1597,7001,63,79.78,97,289,22.2651
NVIDIA GeForce RTX 3060 Laptop GPU,20606811-3bb2-e6b5-ec74-b477d9c1d1d8,65.94,2026/09/22 09:26:31.064,1575,7001,64,79.64,97,263,22.1002
NVIDIA GeForce RTX 3060 Laptop GPU,20606811-3bb2-e6b5-ec74-b477d9c1d1d8,71.0,2026/09/22 09:26:36.131,1582,7001,64,79.70,97,263,22.1552
NVIDIA GeForce RTX 3060 Laptop GPU,20606811-3bb2-e6b5-ec74-b477d9c1d1d8,76.08,2026/09/22 09:26:41.200,1582,7001,65,79.90,96,263,22.1002
NVIDIA GeForce RTX 3060 Laptop GPU,20606811-3bb2-e6b5-ec74-b477d9c1d1d8,81.14,2026/09/22 09:26:46.284,1582,7001,66,79.88,97,263,22.1002
NVIDIA GeForce RTX 3060 Laptop GPU,20606811-3bb2-e6b5-ec74-b477d9c1d1d8,86.22,2026/09/22 09:26:51.344,1597,7001,66,79.95,97,263,22.0177
NVIDIA GeForce RTX 3060 Laptop GPU,20606811-3bb2-e6b5-ec74-b477d9c1d1d8,91.3,2026/09/22 09:26:56.409,1582,7001,66,79.83,98,263,22.1002
NVIDIA GeForce RTX 3060 Laptop GPU,20606811-3bb2-e6b5-ec74-b477d9c1d1d8,96.36,2026/09/22 09:27:01.480,1582,7001,67,79.65,98,263,22.1826
NVIDIA GeForce RTX 3060 Laptop GPU,20606811-3bb2-e6b5-ec74-b477d9c1d1d8,101.42,2026/09/22 09:27:06.537,1552,7001,68,79.58,98,263,22.1002
NVIDIA GeForce RTX 3060 Laptop GPU,20606811-3bb2-e6b5-ec74-b477d9c1d1d8,106.48,2026/09/22 09:27:11.596,1552,7001,69,79.70,98,263,22.1002
NVIDIA GeForce RTX 3060 Laptop GPU,20606811-3bb2-e6b5-ec74-b477d9c1d1d8,111.55,2026/09/22 09:27:16.665,1552,7001,69,79.61,98,263,22.1002
NVIDIA GeForce RTX 3060 Laptop GPU,20606811-3bb2-e6b5-ec74-b477d9c1d1d8,116.61,2026/09/22 09:27:21.729,1567,7001,69,79.85,98,263,22.1002
NVIDIA GeForce RTX 3060 Laptop GPU,20606811-3bb2-e6b5-ec74-b477d9c1d1d8,121.67,2026/09/22 09:27:26.778,1567,7001,69,79.85,98,263,22.1002
NVIDIA GeForce RTX 3060 Laptop GPU,20606811-3bb2-e6b5-ec74-b477d9c1d1d8,126.72,2026/09/22 09:27:31.827,1567,7001,69,80.00,99,263,22.0727
NVIDIA GeForce RTX 3060 Laptop GPU,20606811-3bb2-e6b5-ec74-b477d9c1d1d8,131.78,2026/09/22 09:27:36.900,1560,7001,68,79.89,99,263,22.1277
NVIDIA GeForce RTX 3060 Laptop GPU,20606811-3bb2-e6b5-ec74-b477d9c1d1d8,136.83,2026/09/22 09:27:41.946,1567,7001,68,79.73,98,263,22.0452
NVIDIA GeForce RTX 3060 Laptop GPU,20606811-3bb2-e6b5-ec74-b477d9c1d1d8,141.89,2026/09/22 09:27:47.020,1560,7001,68,79.80,97,263,21.9353
NVIDIA GeForce RTX 3060 Laptop GPU,20606811-3bb2-e6b5-ec74-b477d9c1d1d8,146.97,2026/09/22 09:27:52.102,1567,7001,68,79.70,98,263,21.9353
NVIDIA GeForce RTX 3060 Laptop GPU,20606811-3bb2-e6b5-ec74-b477d9c1d1d8,152.05,2026/09/22 09:27:57.175,1567,7001,68,79.68,97,263,21.9627
NVIDIA GeForce RTX 3060 Laptop GPU,20606811-3bb2-e6b5-ec74-b477d9c1d1d8,157.12,2026/09/22 09:28:02.257,1552,7001,67,79.90,97,263,21.9353
NVIDIA GeForce RTX 3060 Laptop GPU,20606811-3bb2-e6b5-ec74-b477d9c1d1d8,162.2,2026/09/22 09:28:07.327,1582,7001,68,80.04,97,263,21.9078
NVIDIA GeForce RTX 3060 Laptop GPU,20606811-3bb2-e6b5-ec74-b477d9c1d1d8,167.27,2026/09/22 09:28:12.382,1777,7001,67,79.80,97,263,21.9078
NVIDIA GeForce RTX 3060 Laptop GPU,20606811-3bb2-e6b5-ec74-b477d9c1d1d8,172.33,2026/09/22 09:28:17.445,1582,7001,67,79.82,97,263,21.9353
NVIDIA GeForce RTX 3060 Laptop GPU,20606811-3bb2-e6b5-ec74-b477d9c1d1d8,177.38,2026/09/22 09:28:22.497,1575,7001,67,79.77,98,263,21.8803
NVIDIA GeForce RTX 3060 Laptop GPU,20606811-3bb2-e6b5-ec74-b477d9c1d1d8,182.45,2026/09/22 09:28:27.564,1567,7001,67,79.83,97,263,21.9902
NVIDIA GeForce RTX 3060 Laptop GPU,20606811-3bb2-e6b5-ec74-b477d9c1d1d8,187.5,2026/09/22 09:28:32.611,1567,7001,67,79.74,96,263,21.8803
NVIDIA GeForce RTX 3060 Laptop GPU,20606811-3bb2-e6b5-ec74-b477d9c1d1d8,192.56,2026/09/22 09:28:37.696,1560,7001,67,79.78,98,263,22.0177
NVIDIA GeForce RTX 3060 Laptop GPU,20606811-3bb2-e6b5-ec74-b477d9c1d1d8,197.62,2026/09/22 09:28:42.746,1567,7001,67,79.97,98,263,21.9353
NVIDIA GeForce RTX 3060 Laptop GPU,20606811-3bb2-e6b5-ec74-b477d9c1d1d8,202.7,2026/09/22 09:28:47.820,1567,7001,67,79.95,98,263,22.2101
NVIDIA GeForce RTX 3060 Laptop GPU,20606811-3bb2-e6b5-ec74-b477d9c1d1d8,207.77,2026/09/22 09:28:52.878,1785,7001,67,79.74,97,263,22.0177
NVIDIA GeForce RTX 3060 Laptop GPU,20606811-3bb2-e6b5-ec74-b477d9c1d1d8,212.83,2026/09/22 09:28:57.949,1567,7001,68,79.75,98,263,21.8528
NVIDIA GeForce RTX 3060 Laptop GPU,20606811-3bb2-e6b5-ec74-b477d9c1d1d8,217.91,2026/09/22 09:29:03.042,1560,7001,68,79.62,96,263,21.8253
NVIDIA GeForce RTX 3060 Laptop GPU,20606811-3bb2-e6b5-ec74-b477d9c1d1d8,223.0,2026/09/22 09:29:08.121,1560,7001,68,79.74,97,263,21.7428
NVIDIA GeForce RTX 3060 Laptop GPU,20606811-3bb2-e6b5-ec74-b477d9c1d1d8,228.08,2026/09/22 09:29:13.214,1552,7001,69,79.77,92,263,21.7703
NVIDIA GeForce RTX 3060 Laptop GPU,20606811-3bb2-e6b5-ec74-b477d9c1d1d8,233.17,2026/09/22 09:29:18.285,1590,7001,69,79.64,98,263,21.4955
NVIDIA GeForce RTX 3060 Laptop GPU,20606811-3bb2-e6b5-ec74-b477d9c1d1d8,238.22,2026/09/22 09:29:23.352,1582,7001,69,79.73,97,263,21.4405
NVIDIA GeForce RTX 3060 Laptop GPU,20606811-3bb2-e6b5-ec74-b477d9c1d1d8,243.28,2026/09/22 09:29:28.404,1740,7001,70,78.32,58,263,21.7154
NVIDIA GeForce RTX 3060 Laptop GPU,20606811-3bb2-e6b5-ec74-b477d9c1d1d8,248.34,2026/09/22 09:29:33.454,1575,7001,69,79.85,97,263,21.7154
NVIDIA GeForce RTX 3060 Laptop GPU,20606811-3bb2-e6b5-ec74-b477d9c1d1d8,253.41,2026/09/22 09:29:38.520,1560,7001,69,79.71,98,263,21.9078
NVIDIA GeForce RTX 3060 Laptop GPU,20606811-3bb2-e6b5-ec74-b477d9c1d1d8,258.47,2026/09/22 09:29:43.587,1545,7001,69,79.68,98,263,22.0177
NVIDIA GeForce RTX 3060 Laptop GPU,20606811-3bb2-e6b5-ec74-b477d9c1d1d8,263.52,2026/09/22 09:29:48.619,1552,7001,69,79.69,97,263,21.8803
NVIDIA GeForce RTX 3060 Laptop GPU,20606811-3bb2-e6b5-ec74-b477d9c1d1d8,268.56,2026/09/22 09:29:53.669,1552,7001,69,79.71,98,263,21.8803
NVIDIA GeForce RTX 3060 Laptop GPU,20606811-3bb2-e6b5-ec74-b477d9c1d1d8,273.61,2026/09/22 09:29:58.719,1552,7001,69,79.77,98,263,21.9353
NVIDIA GeForce RTX 3060 Laptop GPU,20606811-3bb2-e6b5-ec74-b477d9c1d1d8,278.66,2026/09/22 09:30:03.767,1567,7001,69,79.88,97,263,21.9353
NVIDIA GeForce RTX 3060 Laptop GPU,20606811-3bb2-e6b5-ec74-b477d9c1d1d8,283.7,2026/09/22 09:30:08.811,1567,7001,69,79.94,98,263,21.9353
NVIDIA GeForce RTX 3060 Laptop GPU,20606811-3bb2-e6b5-ec74-b477d9c1d1d8,288.75,2026/09/22 09:30:13.884,1582,7001,69,80.07,97,263,21.9353
NVIDIA GeForce RTX 3060 Laptop GPU,20606811-3bb2-e6b5-ec74-b477d9c1d1d8,293.84,2026/09/22 09:30:18.980,1575,7001,69,79.78,97,263,21.8528
NVIDIA GeForce RTX 3060 Laptop GPU,20606811-3bb2-e6b5-ec74-b477d9c1d1d8,298.94,2026/09/22 09:30:24.055,1575,7001,68,79.72,96,263,21.8253
NVIDIA GeForce RTX 3060 Laptop GPU,20606811-3bb2-e6b5-ec74-b477d9c1d1d8,304.0,2026/09/22 09:30:29.136,1575,7001,69,79.67,96,263,21.7154
NVIDIA GeForce RTX 3060 Laptop GPU,20606811-3bb2-e6b5-ec74-b477d9c1d1d8,309.09,2026/09/22 09:30:34.225,1567,7001,68,79.84,97,263,21.7703
NVIDIA GeForce RTX 3060 Laptop GPU,20606811-3bb2-e6b5-ec74-b477d9c1d1d8,314.17,2026/09/22 09:30:39.287,1582,7001,68,80.02,96,263,21.6879
NVIDIA GeForce RTX 3060 Laptop GPU,20606811-3bb2-e6b5-ec74-b477d9c1d1d8,319.22,2026/09/22 09:30:44.355,1567,7001,68,79.97,97,263,21.7978
NVIDIA GeForce RTX 3060 Laptop GPU,20606811-3bb2-e6b5-ec74-b477d9c1d1d8,324.31,2026/09/22 09:30:49.440,1567,7001,67,79.80,97,263,21.6879
NVIDIA GeForce RTX 3060 Laptop GPU,20606811-3bb2-e6b5-ec74-b477d9c1d1d8,329.39,2026/09/22 09:30:54.504,1567,7001,68,79.74,97,263,21.8528
NVIDIA GeForce RTX 3060 Laptop GPU,20606811-3bb2-e6b5-ec74-b477d9c1d1d8,334.44,2026/09/22 09:30:59.557,1552,7001,68,79.73,97,263,21.9902
NVIDIA GeForce RTX 3060 Laptop GPU,20606811-3bb2-e6b5-ec74-b477d9c1d1d8,339.5,2026/09/22 09:31:04.608,1567,7001,68,79.72,97,263,21.9078
NVIDIA GeForce RTX 3060 Laptop GPU,20606811-3bb2-e6b5-ec74-b477d9c1d1d8,344.56,2026/09/22 09:31:09.676,1530,7001,68,79.69,97,263,21.8253
NVIDIA GeForce RTX 3060 Laptop GPU,20606811-3bb2-e6b5-ec74-b477d9c1d1d8,349.62,2026/09/22 09:31:14.746,1552,7001,68,79.81,97,263,21.8528
NVIDIA GeForce RTX 3060 Laptop GPU,20606811-3bb2-e6b5-ec74-b477d9c1d1d8,354.69,2026/09/22 09:31:19.820,1552,7001,68,79.86,96,263,21.8528
NVIDIA GeForce RTX 3060 Laptop GPU,20606811-3bb2-e6b5-ec74-b477d9c1d1d8,359.75,2026/09/22 09:31:24.872,1582,7001,69,80.00,97,263,21.7154
NVIDIA GeForce RTX 3060 Laptop GPU,20606811-3bb2-e6b5-ec74-b477d9c1d1d8,364.81,2026/09/22 09:31:29.941,1567,7001,69,79.86,98,263,21.7703
NVIDIA GeForce RTX 3060 Laptop GPU,20606811-3bb2-e6b5-ec74-b477d9c1d1d8,369.89,2026/09/22 09:31:35.025,1567,7001,68,79.69,97,263,21.5779
NVIDIA GeForce RTX 3060 Laptop GPU,20606811-3bb2-e6b5-ec74-b477d9c1d1d8,374.98,2026/09/22 09:31:40.109,1552,7001,68,79.61,97,263,21.8803
NVIDIA GeForce RTX 3060 Laptop GPU,20606811-3bb2-e6b5-ec74-b477d9c1d1d8,380.06,2026/09/22 09:31:45.175,1567,7001,68,79.72,91,263,21.5779
NVIDIA GeForce RTX 3060 Laptop GPU,20606811-3bb2-e6b5-ec74-b477d9c1d1d8,385.12,2026/09/22 09:31:50.245,1552,7001,68,79.84,95,263,21.7703
NVIDIA GeForce RTX 3060 Laptop GPU,20606811-3bb2-e6b5-ec74-b477d9c1d1d8,390.19,2026/09/22 09:31:55.306,1567,7001,68,79.74,97,263,21.7703
NVIDIA GeForce RTX 3060 Laptop GPU,20606811-3bb2-e6b5-ec74-b477d9c1d1d8,395.25,2026/09/22 09:32:00.380,1582,7001,68,80.12,96,263,21.8528
NVIDIA GeForce RTX 3060 Laptop GPU,20606811-3bb2-e6b5-ec74-b477d9c1d1d8,400.33,2026/09/22 09:32:05.464,1575,7001,68,79.78,97,263,21.9353
NVIDIA GeForce RTX 3060 Laptop GPU,20606811-3bb2-e6b5-ec74-b477d9c1d1d8,405.41,2026/09/22 09:32:10.528,1552,7001,68,79.62,97,263,21.7154
NVIDIA GeForce RTX 3060 Laptop GPU,20606811-3bb2-e6b5-ec74-b477d9c1d1d8,410.47,2026/09/22 09:32:15.574,1575,7001,68,79.64,98,263,21.8253
NVIDIA GeForce RTX 3060 Laptop GPU,20606811-3bb2-e6b5-ec74-b477d9c1d1d8,415.52,2026/09/22 09:32:20.650,1567,7001,69,79.71,97,263,21.7978
NVIDIA GeForce RTX 3060 Laptop GPU,20606811-3bb2-e6b5-ec74-b477d9c1d1d8,420.59,2026/09/22 09:32:25.715,1560,7001,68,79.67,97,263,21.7978
NVIDIA GeForce RTX 3060 Laptop GPU,20606811-3bb2-e6b5-ec74-b477d9c1d1d8,425.66,2026/09/22 09:32:30.781,1552,7001,69,79.73,97,263,21.7154
NVIDIA GeForce RTX 3060 Laptop GPU,20606811-3bb2-e6b5-ec74-b477d9c1d1d8,430.73,2026/09/22 09:32:35.864,1552,7001,68,79.80,97,263,21.8253
NVIDIA GeForce RTX 3060 Laptop GPU,20606811-3bb2-e6b5-ec74-b477d9c1d1d8,435.81,2026/09/22 09:32:40.950,1755,7001,68,78.27,58,263,21.8253
NVIDIA GeForce RTX 3060 Laptop GPU,20606811-3bb2-e6b5-ec74-b477d9c1d1d8,440.91,2026/09/22 09:32:46.034,1575,7001,68,79.87,97,263,21.8528
NVIDIA GeForce RTX 3060 Laptop GPU,20606811-3bb2-e6b5-ec74-b477d9c1d1d8,445.98,2026/09/22 09:32:51.120,1552,7001,68,79.64,97,263,21.8253
NVIDIA GeForce RTX 3060 Laptop GPU,20606811-3bb2-e6b5-ec74-b477d9c1d1d8,451.06,2026/09/22 09:32:56.185,1552,7001,68,79.65,97,263,21.8528
NVIDIA GeForce RTX 3060 Laptop GPU,20606811-3bb2-e6b5-ec74-b477d9c1d1d8,456.12,2026/09/22 09:33:01.263,1552,7001,68,79.89,96,263,21.5504
NVIDIA GeForce RTX 3060 Laptop GPU,20606811-3bb2-e6b5-ec74-b477d9c1d1d8,461.22,2026/09/22 09:33:06.346,1567,7001,68,79.86,97,263,21.7703
NVIDIA GeForce RTX 3060 Laptop GPU,20606811-3bb2-e6b5-ec74-b477d9c1d1d8,466.3,2026/09/22 09:33:11.430,1590,7001,69,80.04,97,263,21.7703
NVIDIA GeForce RTX 3060 Laptop GPU,20606811-3bb2-e6b5-ec74-b477d9c1d1d8,471.36,2026/09/22 09:33:16.494,1575,7001,68,79.74,97,263,21.7978
NVIDIA GeForce RTX 3060 Laptop GPU,20606811-3bb2-e6b5-ec74-b477d9c1d1d8,476.45,2026/09/22 09:33:21.574,1582,7001,68,79.60,97,263,21.7557
NVIDIA GeForce RTX 3060 Laptop GPU,20606811-3bb2-e6b5-ec74-b477d9c1d1d8,481.52,2026/09/22 09:33:26.637,1552,7001,68,79.60,97,263,21.8253
NVIDIA GeForce RTX 3060 Laptop GPU,20606811-3bb2-e6b5-ec74-b477d9c1d1d8,486.58,2026/09/22 09:33:31.699,1567,7001,68,79.78,97,263,21.7978
NVIDIA GeForce RTX 3060 Laptop GPU,20606811-3bb2-e6b5-ec74-b477d9c1d1d8,491.64,2026/09/22 09:33:36.761,1567,7001,68,79.71,96,263,21.7703
NVIDIA GeForce RTX 3060 Laptop GPU,20606811-3bb2-e6b5-ec74-b477d9c1d1d8,496.7,2026/09/22 09:33:41.840,1552,7001,68,79.88,97,263,21.8528
NVIDIA GeForce RTX 3060 Laptop GPU,20606811-3bb2-e6b5-ec74-b477d9c1d1d8,501.8,2026/09/22 09:33:46.917,1567,7001,68,79.84,98,263,21.9078
NVIDIA GeForce RTX 3060 Laptop GPU,20606811-3bb2-e6b5-ec74-b477d9c1d1d8,506.84,2026/09/22 09:33:51.967,1657,7001,68,79.84,97,263,21.7978
NVIDIA GeForce RTX 3060 Laptop GPU,20606811-3bb2-e6b5-ec74-b477d9c1d1d8,511.91,2026/09/22 09:33:57.043,1567,7001,68,79.80,97,263,21.8528
NVIDIA GeForce RTX 3060 Laptop GPU,20606811-3bb2-e6b5-ec74-b477d9c1d1d8,517.0,2026/09/22 09:34:02.124,1567,7001,68,79.61,97,263,21.8528
NVIDIA GeForce RTX 3060 Laptop GPU,20606811-3bb2-e6b5-ec74-b477d9c1d1d8,522.08,2026/09/22 09:34:07.199,1560,7001,68,79.68,97,263,21.8803
NVIDIA GeForce RTX 3060 Laptop GPU,20606811-3bb2-e6b5-ec74-b477d9c1d1d8,527.14,2026/09/22 09:34:12.275,1575,7001,68,79.85,97,263,21.7978
NVIDIA GeForce RTX 3060 Laptop GPU,20606811-3bb2-e6b5-ec74-b477d9c1d1d8,532.23,2026/09/22 09:34:17.359,1567,7001,68,79.97,98,263,21.8803
NVIDIA GeForce RTX 3060 Laptop GPU,20606811-3bb2-e6b5-ec74-b477d9c1d1d8,537.31,2026/09/22 09:34:22.443,1567,7001,68,79.87,97,263,21.8803
NVIDIA GeForce RTX 3060 Laptop GPU,20606811-3bb2-e6b5-ec74-b477d9c1d1d8,542.39,2026/09/22 09:34:27.512,1552,7001,68,79.84,98,263,21.5504
NVIDIA GeForce RTX 3060 Laptop GPU,20606811-3bb2-e6b5-ec74-b477d9c1d1d8,547.45,2026/09/22 09:34:32.573,1567,7001,68,79.95,97,263,21.4955
NVIDIA GeForce RTX 3060 Laptop GPU,20606811-3bb2-e6b5-ec74-b477d9c1d1d8,552.52,2026/09/22 09:34:37.642,1567,7001,68,79.76,97,263,21.8253
NVIDIA GeForce RTX 3060 Laptop GPU,20606811-3bb2-e6b5-ec74-b477d9c1d1d8,557.59,2026/09/22 09:34:42.714,1567,7001,68,79.61,98,263,21.6329
NVIDIA GeForce RTX 3060 Laptop GPU,20606811-3bb2-e6b5-ec74-b477d9c1d1d8,562.66,2026/09/22 09:34:47.768,1582,7001,68,79.78,97,263,21.9353
NVIDIA GeForce RTX 3060 Laptop GPU,20606811-3bb2-e6b5-ec74-b477d9c1d1d8,567.72,2026/09/22 09:34:52.840,1567,7001,68,79.97,98,263,22.1002
NVIDIA GeForce RTX 3060 Laptop GPU,20606811-3bb2-e6b5-ec74-b477d9c1d1d8,572.8,2026/09/22 09:34:57.922,1552,7001,69,79.96,97,263,21.8528
NVIDIA GeForce RTX 3060 Laptop GPU,20606811-3bb2-e6b5-ec74-b477d9c1d1d8,577.88,2026/09/22 09:35:02.982,1567,7001,69,79.71,98,263,21.8803
NVIDIA GeForce RTX 3060 Laptop GPU,20606811-3bb2-e6b5-ec74-b477d9c1d1d8,582.92,2026/09/22 09:35:08.042,1560,7001,70,79.65,97,263,21.9902
NVIDIA GeForce RTX 3060 Laptop GPU,20606811-3bb2-e6b5-ec74-b477d9c1d1d8,587.97,2026/09/22 09:35:13.080,1552,7001,70,79.64,98,263,21.8803
NVIDIA GeForce RTX 3060 Laptop GPU,20606811-3bb2-e6b5-ec74-b477d9c1d1d8,593.03,2026/09/22 09:35:18.148,1545,7001,70,79.72,99,263,22.0177
NVIDIA GeForce RTX 3060 Laptop GPU,20606811-3bb2-e6b5-ec74-b477d9c1d1d8,598.09,2026/09/22 09:35:23.198,1537,7001,70,79.69,98,263,21.9627
NVIDIA GeForce RTX 3060 Laptop GPU,20606811-3bb2-e6b5-ec74-b477d9c1d1d8,603.12,2026/09/22 09:35:28.243,1552,7001,71,79.70,98,263,21.9078
NVIDIA GeForce RTX 3060 Laptop GPU,20606811-3bb2-e6b5-ec74-b477d9c1d1d8,608.19,2026/09/22 09:35:33.297,1537,7001,70,79.76,98,263,21.9353
NVIDIA GeForce RTX 3060 Laptop GPU,20606811-3bb2-e6b5-ec74-b477d9c1d1d8,613.25,2026/09/22 09:35:38.361,1537,7001,71,79.74,98,263,21.9627
NVIDIA GeForce RTX 3060 Laptop GPU,20606811-3bb2-e6b5-ec74-b477d9c1d1d8,618.31,2026/09/22 09:35:43.424,1575,7001,71,79.93,98,263,21.9627
NVIDIA GeForce RTX 3060 Laptop GPU,20606811-3bb2-e6b5-ec74-b477d9c1d1d8,623.38,2026/09/22 09:35:48.487,1777,7001,71,78.91,70,263,21.9353
NVIDIA GeForce RTX 3060 Laptop GPU,20606811-3bb2-e6b5-ec74-b477d9c1d1d8,628.44,2026/09/22 09:35:53.554,1552,7001,71,79.81,98,263,21.9627
NVIDIA GeForce RTX 3060 Laptop GPU,20606811-3bb2-e6b5-ec74-b477d9c1d1d8,633.5,2026/09/22 09:35:58.614,1545,7001,71,79.72,98,263,21.9078
NVIDIA GeForce RTX 3060 Laptop GPU,20606811-3bb2-e6b5-ec74-b477d9c1d1d8,638.56,2026/09/22 09:36:03.671,1552,7001,71,79.63,98,263,21.9078
NVIDIA GeForce RTX 3060 Laptop GPU,20606811-3bb2-e6b5-ec74-b477d9c1d1d8,643.61,2026/09/22 09:36:08.727,1545,7001,71,79.65,98,263,21.8803
NVIDIA GeForce RTX 3060 Laptop GPU,20606811-3bb2-e6b5-ec74-b477d9c1d1d8,648.69,2026/09/22 09:36:13.794,1552,7001,71,79.78,98,263,21.9078
NVIDIA GeForce RTX 3060 Laptop GPU,20606811-3bb2-e6b5-ec74-b477d9c1d1d8,653.73,2026/09/22 09:36:18.844,1552,7001,72,79.85,98,263,21.8528
NVIDIA GeForce RTX 3060 Laptop GPU,20606811-3bb2-e6b5-ec74-b477d9c1d1d8,658.78,2026/09/22 09:36:23.908,1552,7001,72,79.83,98,263,21.8528
NVIDIA GeForce RTX 3060 Laptop GPU,20606811-3bb2-e6b5-ec74-b477d9c1d1d8,663.84,2026/09/22 09:36:28.962,1575,7001,72,80.06,98,263,21.7978
NVIDIA GeForce RTX 3060 Laptop GPU,20606811-3bb2-e6b5-ec74-b477d9c1d1d8,668.91,2026/09/22 09:36:34.019,1545,7001,71,79.79,98,263,21.7978
NVIDIA GeForce RTX 3060 Laptop GPU,20606811-3bb2-e6b5-ec74-b477d9c1d1d8,673.97,2026/09/22 09:36:39.083,1545,7001,72,79.84,98,263,21.8253
NVIDIA GeForce RTX 3060 Laptop GPU,20606811-3bb2-e6b5-ec74-b477d9c1d1d8,679.03,2026/09/22 09:36:44.145,1537,7001,72,79.82,99,263,21.8253
NVIDIA GeForce RTX 3060 Laptop GPU,20606811-3bb2-e6b5-ec74-b477d9c1d1d8,684.09,2026/09/22 09:36:49.212,1537,7001,72,79.65,99,263,21.8528
NVIDIA GeForce RTX 3060 Laptop GPU,20606811-3bb2-e6b5-ec74-b477d9c1d1d8,689.16,2026/09/22 09:36:54.260,1530,7001,72,79.71,97,263,21.7978
NVIDIA GeForce RTX 3060 Laptop GPU,20606811-3bb2-e6b5-ec74-b477d9c1d1d8,694.2,2026/09/22 09:36:59.324,1537,7001,72,79.74,98,263,21.8803
NVIDIA GeForce RTX 3060 Laptop GPU,20606811-3bb2-e6b5-ec74-b477d9c1d1d8,699.27,2026/09/22 09:37:04.372,1530,7001,72,79.94,98,263,21.7978
NVIDIA GeForce RTX 3060 Laptop GPU,20606811-3bb2-e6b5-ec74-b477d9c1d1d8,704.31,2026/09/22 09:37:09.421,1545,7001,72,79.81,98,263,21.7978
NVIDIA GeForce RTX 3060 Laptop GPU,20606811-3bb2-e6b5-ec74-b477d9c1d1d8,709.36,2026/09/22 09:37:14.473,1560,7001,72,80.07,98,263,21.8253
NVIDIA GeForce RTX 3060 Laptop GPU,20606811-3bb2-e6b5-ec74-b477d9c1d1d8,714.42,2026/09/22 09:37:19.538,1545,7001,72,79.91,98,263,21.9078
NVIDIA GeForce RTX 3060 Laptop GPU,20606811-3bb2-e6b5-ec74-b477d9c1d1d8,719.48,2026/09/22 09:37:24.590,1537,7001,72,79.72,99,263,21.8528
NVIDIA GeForce RTX 3060 Laptop GPU,20606811-3bb2-e6b5-ec74-b477d9c1d1d8,724.55,2026/09/22 09:37:29.657,1545,7001,72,79.71,98,263,21.8803
NVIDIA GeForce RTX 3060 Laptop GPU,20606811-3bb2-e6b5-ec74-b477d9c1d1d8,729.59,2026/09/22 09:37:34.716,1537,7001,72,79.79,98,263,21.8528
NVIDIA GeForce RTX 3060 Laptop GPU,20606811-3bb2-e6b5-ec74-b477d9c1d1d8,734.67,2026/09/22 09:37:39.788,1530,7001,72,79.81,99,263,21.8803
NVIDIA GeForce RTX 3060 Laptop GPU,20606811-3bb2-e6b5-ec74-b477d9c1d1d8,739.73,2026/09/22 09:37:44.844,1537,7001,72,79.88,99,263,21.8528
NVIDIA GeForce RTX 3060 Laptop GPU,20606811-3bb2-e6b5-ec74-b477d9c1d1d8,744.78,2026/09/22 09:37:49.892,1545,7001,72,79.94,98,263,21.8253
NVIDIA GeForce RTX 3060 Laptop GPU,20606811-3bb2-e6b5-ec74-b477d9c1d1d8,749.84,2026/09/22 09:37:54.948,1545,7001,73,80.04,98,263,21.7978
NVIDIA GeForce RTX 3060 Laptop GPU,20606811-3bb2-e6b5-ec74-b477d9c1d1d8,754.89,2026/09/22 09:38:00.071,1822,7001,72,79.79,90,263,21.6604
NVIDIA GeForce RTX 3060 Laptop GPU,20606811-3bb2-e6b5-ec74-b477d9c1d1d8,760.02,2026/09/22 09:38:05.127,1537,7001,73,79.77,97,263,21.5504
NVIDIA GeForce RTX 3060 Laptop GPU,20606811-3bb2-e6b5-ec74-b477d9c1d1d8,765.08,2026/09/22 09:38:10.197,1537,7001,73,79.72,98,263,21.7428
NVIDIA GeForce RTX 3060 Laptop GPU,20606811-3bb2-e6b5-ec74-b477d9c1d1d8,770.14,2026/09/22 09:38:15.250,1530,7001,73,79.76,98,263,21.6604
NVIDIA GeForce RTX 3060 Laptop GPU,20606811-3bb2-e6b5-ec74-b477d9c1d1d8,775.19,2026/09/22 09:38:20.305,1530,7001,74,79.87,98,263,21.7978
NVIDIA GeForce RTX 3060 Laptop GPU,20606811-3bb2-e6b5-ec74-b477d9c1d1d8,780.23,2026/09/22 09:38:25.363,1530,7001,73,79.80,98,263,21.7978
NVIDIA GeForce RTX 3060 Laptop GPU,20606811-3bb2-e6b5-ec74-b477d9c1d1d8,785.3,2026/09/22 09:38:30.408,1545,7001,74,80.04,99,263,21.7978
NVIDIA GeForce RTX 3060 Laptop GPU,20606811-3bb2-e6b5-ec74-b477d9c1d1d8,790.34,2026/09/22 09:38:35.479,1545,7001,74,79.96,99,263,21.7978
NVIDIA GeForce RTX 3060 Laptop GPU,20606811-3bb2-e6b5-ec74-b477d9c1d1d8,795.41,2026/09/22 09:38:40.532,1545,7001,74,79.94,97,263,21.5504
NVIDIA GeForce RTX 3060 Laptop GPU,20606811-3bb2-e6b5-ec74-b477d9c1d1d8,800.48,2026/09/22 09:38:45.599,1537,7001,74,79.71,98,263,21.8803
NVIDIA GeForce RTX 3060 Laptop GPU,20606811-3bb2-e6b5-ec74-b477d9c1d1d8,805.53,2026/09/22 09:38:50.652,1552,7001,74,79.81,98,263,21.7978
NVIDIA GeForce RTX 3060 Laptop GPU,20606811-3bb2-e6b5-ec74-b477d9c1d1d8,810.59,2026/09/22 09:38:55.702,1537,7001,74,79.78,98,263,21.7978
NVIDIA GeForce RTX 3060 Laptop GPU,20606811-3bb2-e6b5-ec74-b477d9c1d1d8,815.66,2026/09/22 09:39:00.770,1530,7001,74,79.75,98,263,21.76
NVIDIA GeForce RTX 3060 Laptop GPU,20606811-3bb2-e6b5-ec74-b477d9c1d1d8,820.7,2026/09/22 09:39:05.823,1545,7001,74,79.66,98,263,21.7703
NVIDIA GeForce RTX 3060 Laptop GPU,20606811-3bb2-e6b5-ec74-b477d9c1d1d8,825.77,2026/09/22 09:39:10.889,1545,7001,74,79.78,98,263,21.7978
NVIDIA GeForce RTX 3060 Laptop GPU,20606811-3bb2-e6b5-ec74-b477d9c1d1d8,830.83,2026/09/22 09:39:15.938,1552,7001,74,79.95,98,263,21.7703
NVIDIA GeForce RTX 3060 Laptop GPU,20606811-3bb2-e6b5-ec74-b477d9c1d1d8,835.89,2026/09/22 09:39:21.007,1567,7001,74,78.04,52,263,21.8253
NVIDIA GeForce RTX 3060 Laptop GPU,20606811-3bb2-e6b5-ec74-b477d9c1d1d8,840.95,2026/09/22 09:39:26.066,1552,7001,74,79.77,98,263,21.7978
NVIDIA GeForce RTX 3060 Laptop GPU,20606811-3bb2-e6b5-ec74-b477d9c1d1d8,846.02,2026/09/22 09:39:31.134,1537,7001,74,79.75,98,263,21.8803
NVIDIA GeForce RTX 3060 Laptop GPU,20606811-3bb2-e6b5-ec74-b477d9c1d1d8,851.08,2026/09/22 09:39:36.196,1530,7001,74,79.80,98,263,21.7703
NVIDIA GeForce RTX 3060 Laptop GPU,20606811-3bb2-e6b5-ec74-b477d9c1d1d8,856.14,2026/09/22 09:39:41.252,1537,7001,74,79.76,99,263,21.7978
NVIDIA GeForce RTX 3060 Laptop GPU,20606811-3bb2-e6b5-ec74-b477d9c1d1d8,861.19,2026/09/22 09:39:46.300,1537,7001,74,79.81,98,263,21.7428
NVIDIA GeForce RTX 3060 Laptop GPU,20606811-3bb2-e6b5-ec74-b477d9c1d1d8,866.25,2026/09/22 09:39:51.368,1530,7001,74,79.79,98,263,21.6604
NVIDIA GeForce RTX 3060 Laptop GPU,20606811-3bb2-e6b5-ec74-b477d9c1d1d8,871.31,2026/09/22 09:39:56.443,1567,7001,74,79.94,96,263,21.7154
NVIDIA GeForce RTX 3060 Laptop GPU,20606811-3bb2-e6b5-ec74-b477d9c1d1d8,876.39,2026/09/22 09:40:01.500,1545,7001,74,79.99,98,263,21.6054
NVIDIA GeForce RTX 3060 Laptop GPU,20606811-3bb2-e6b5-ec74-b477d9c1d1d8,881.44,2026/09/22 09:40:06.552,1545,7001,74,79.77,97,263,21.4405
NVIDIA GeForce RTX 3060 Laptop GPU,20606811-3bb2-e6b5-ec74-b477d9c1d1d8,886.5,2026/09/22 09:40:11.613,1537,7001,74,79.90,97,263,21.5504
NVIDIA GeForce RTX 3060 Laptop GPU,20606811-3bb2-e6b5-ec74-b477d9c1d1d8,891.56,2026/09/22 09:40:16.667,1545,7001,75,79.81,97,263,21.6054
NVIDIA GeForce RTX 3060 Laptop GPU,20606811-3bb2-e6b5-ec74-b477d9c1d1d8,896.61,2026/09/22 09:40:21.721,1650,7001,74,79.62,96,263,21.468
NVIDIA GeForce RTX 3060 Laptop GPU,20606811-3bb2-e6b5-ec74-b477d9c1d1d8,901.67,2026/09/22 09:40:26.785,1552,7001,74,79.60,96,263,21.6054
NVIDIA GeForce RTX 3060 Laptop GPU,20606811-3bb2-e6b5-ec74-b477d9c1d1d8,906.73,2026/09/22 09:40:31.862,1537,7001,75,79.75,98,263,21.5229
NVIDIA GeForce RTX 3060 Laptop GPU,20606811-3bb2-e6b5-ec74-b477d9c1d1d8,911.81,2026/09/22 09:40:36.933,1582,7001,75,79.76,95,263,21.5779
NVIDIA GeForce RTX 3060 Laptop GPU,20606811-3bb2-e6b5-ec74-b477d9c1d1d8,916.88,2026/09/22 09:40:41.987,1747,7001,75,78.85,77,263,21.4405
NVIDIA GeForce RTX 3060 Laptop GPU,20606811-3bb2-e6b5-ec74-b477d9c1d1d8,921.92,2026/09/22 09:40:47.050,1552,7001,74,79.83,98,263,21.413
NVIDIA GeForce RTX 3060 Laptop GPU,20606811-3bb2-e6b5-ec74-b477d9c1d1d8,926.98,2026/09/22 09:40:52.102,1545,7001,75,79.82,98,263,21.303
NVIDIA GeForce RTX 3060 Laptop GPU,20606811-3bb2-e6b5-ec74-b477d9c1d1d8,932.05,2026/09/22 09:40:57.162,1530,7001,75,79.69,97,263,21.5504
NVIDIA GeForce RTX 3060 Laptop GPU,20606811-3bb2-e6b5-ec74-b477d9c1d1d8,937.11,2026/09/22 09:41:02.231,1575,7001,75,79.42,95,263,21.4955
NVIDIA GeForce RTX 3060 Laptop GPU,20606811-3bb2-e6b5-ec74-b477d9c1d1d8,942.17,2026/09/22 09:41:07.281,1560,7001,75,79.38,89,263,21.3855
NVIDIA GeForce RTX 3060 Laptop GPU,20606811-3bb2-e6b5-ec74-b477d9c1d1d8,947.22,2026/09/22 09:41:12.343,1545,7001,75,79.82,98,263,21.303
NVIDIA GeForce RTX 3060 Laptop GPU,20606811-3bb2-e6b5-ec74-b477d9c1d1d8,952.28,2026/09/22 09:41:17.411,1560,7001,75,79.83,92,263,21.468
NVIDIA GeForce RTX 3060 Laptop GPU,20606811-3bb2-e6b5-ec74-b477d9c1d1d8,957.34,2026/09/22 09:41:22.450,1545,7001,75,80.01,98,263,21.6604
NVIDIA GeForce RTX 3060 Laptop GPU,20606811-3bb2-e6b5-ec74-b477d9c1d1d8,962.39,2026/09/22 09:41:27.533,1912,7001,75,79.80,98,263,21.7703
NVIDIA GeForce RTX 3060 Laptop GPU,20606811-3bb2-e6b5-ec74-b477d9c1d1d8,967.47,2026/09/22 09:41:32.579,1537,7001,75,79.74,98,263,21.6604
NVIDIA GeForce RTX 3060 Laptop GPU,20606811-3bb2-e6b5-ec74-b477d9c1d1d8,972.53,2026/09/22 09:41:37.648,1537,7001,75,79.72,98,263,21.7978
NVIDIA GeForce RTX 3060 Laptop GPU,20606811-3bb2-e6b5-ec74-b477d9c1d1d8,977.59,2026/09/22 09:41:42.711,1537,7001,75,79.71,98,263,21.7154
NVIDIA GeForce RTX 3060 Laptop GPU,20606811-3bb2-e6b5-ec74-b477d9c1d1d8,982.66,2026/09/22 09:41:47.762,1537,7001,75,79.86,98,263,21.6879
NVIDIA GeForce RTX 3060 Laptop GPU,20606811-3bb2-e6b5-ec74-b477d9c1d1d8,987.7,2026/09/22 09:41:52.825,1545,7001,75,79.63,95,263,21.3855
NVIDIA GeForce RTX 3060 Laptop GPU,20606811-3bb2-e6b5-ec74-b477d9c1d1d8,992.77,2026/09/22 09:41:57.888,1537,7001,75,79.89,98,263,21.4405
NVIDIA GeForce RTX 3060 Laptop GPU,20606811-3bb2-e6b5-ec74-b477d9c1d1d8,997.84,2026/09/22 09:42:02.985,1560,7001,75,79.77,97,263,21.4405
NVIDIA GeForce RTX 3060 Laptop GPU,20606811-3bb2-e6b5-ec74-b477d9c1d1d8,1002.94,2026/09/22 09:42:08.067,1770,7001,75,79.84,98,263,21.4405
NVIDIA GeForce RTX 3060 Laptop GPU,20606811-3bb2-e6b5-ec74-b477d9c1d1d8,1008.02,2026/09/22 09:42:13.137,1560,7001,75,79.65,97,263,21.4955
NVIDIA GeForce RTX 3060 Laptop GPU,20606811-3bb2-e6b5-ec74-b477d9c1d1d8,1013.08,2026/09/22 09:42:18.208,1552,7001,75,79.93,97,263,21.468
NVIDIA GeForce RTX 3060 Laptop GPU,20606811-3bb2-e6b5-ec74-b477d9c1d1d8,1018.16,2026/09/22 09:42:23.274,1530,7001,75,79.63,90,263,21.4405
NVIDIA GeForce RTX 3060 Laptop GPU,20606811-3bb2-e6b5-ec74-b477d9c1d1d8,1023.22,2026/09/22 09:42:28.359,1530,7001,75,79.65,96,263,21.2755
NVIDIA GeForce RTX 3060 Laptop GPU,20606811-3bb2-e6b5-ec74-b477d9c1d1d8,1028.31,2026/09/22 09:42:33.443,1552,7001,75,79.84,95,263,21.1931
NVIDIA GeForce RTX 3060 Laptop GPU,20606811-3bb2-e6b5-ec74-b477d9c1d1d8,1033.39,2026/09/22 09:42:38.509,1552,7001,76,79.72,95,263,21.413
NVIDIA GeForce RTX 3060 Laptop GPU,20606811-3bb2-e6b5-ec74-b477d9c1d1d8,1038.45,2026/09/22 09:42:43.577,1545,7001,76,79.11,78,263,21.2481
NVIDIA GeForce RTX 3060 Laptop GPU,20606811-3bb2-e6b5-ec74-b477d9c1d1d8,1043.52,2026/09/22 09:42:48.644,1605,7001,76,79.49,88,263,21.0282
NVIDIA GeForce RTX 3060 Laptop GPU,20606811-3bb2-e6b5-ec74-b477d9c1d1d8,1048.59,2026/09/22 09:42:53.740,1537,7001,76,79.75,96,263,21.2206
NVIDIA GeForce RTX 3060 Laptop GPU,20606811-3bb2-e6b5-ec74-b477d9c1d1d8,1053.69,2026/09/22 09:42:58.795,1552,7001,76,79.83,98,263,21.2206
NVIDIA GeForce RTX 3060 Laptop GPU,20606811-3bb2-e6b5-ec74-b477d9c1d1d8,1058.73,2026/09/22 09:43:03.863,1545,7001,75,79.70,93,263,21.0831
NVIDIA GeForce RTX 3060 Laptop GPU,20606811-3bb2-e6b5-ec74-b477d9c1d1d8,1063.81,2026/09/22 09:43:08.949,1530,7001,76,79.75,96,263,21.3855
NVIDIA GeForce RTX 3060 Laptop GPU,20606811-3bb2-e6b5-ec74-b477d9c1d1d8,1068.89,2026/09/22 09:43:13.998,1545,7001,76,80.00,98,263,21.5229
NVIDIA GeForce RTX 3060 Laptop GPU,20606811-3bb2-e6b5-ec74-b477d9c1d1d8,1073.94,2026/09/22 09:43:19.060,1762,7001,76,78.94,74,263,21.5779
NVIDIA GeForce RTX 3060 Laptop GPU,20606811-3bb2-e6b5-ec74-b477d9c1d1d8,1079.02,2026/09/22 09:43:24.128,1537,7001,76,79.60,95,263,21.7154
NVIDIA GeForce RTX 3060 Laptop GPU,20606811-3bb2-e6b5-ec74-b477d9c1d1d8,1084.08,2026/09/22 09:43:29.191,1530,7001,76,79.83,99,263,21.7154
NVIDIA GeForce RTX 3060 Laptop GPU,20606811-3bb2-e6b5-ec74-b477d9c1d1d8,1089.14,2026/09/22 09:43:34.265,1530,7001,76,79.74,98,263,21.6054
NVIDIA GeForce RTX 3060 Laptop GPU,20606811-3bb2-e6b5-ec74-b477d9c1d1d8,1094.23,2026/09/22 09:43:39.337,1515,7001,76,79.65,99,263,21.5408
NVIDIA GeForce RTX 3060 Laptop GPU,20606811-3bb2-e6b5-ec74-b477d9c1d1d8,1099.28,2026/09/22 09:43:44.396,1530,7001,77,79.79,97,263,21.6329
NVIDIA GeForce RTX 3060 Laptop GPU,20606811-3bb2-e6b5-ec74-b477d9c1d1d8,1104.33,2026/09/22 09:43:49.466,1530,7001,76,79.88,96,263,21.413
NVIDIA GeForce RTX 3060 Laptop GPU,20606811-3bb2-e6b5-ec74-b477d9c1d1d8,1109.41,2026/09/22 09:43:54.516,1545,7001,76,79.97,97,263,21.2481
NVIDIA GeForce RTX 3060 Laptop GPU,20606811-3bb2-e6b5-ec74-b477d9c1d1d8,1114.47,2026/09/22 09:43:59.616,1530,7001,75,79.66,98,263,21.2206
NVIDIA GeForce RTX 3060 Laptop GPU,20606811-3bb2-e6b5-ec74-b477d9c1d1d8,1119.56,2026/09/22 09:44:04.676,1537,7001,76,79.74,98,263,21.468
NVIDIA GeForce RTX 3060 Laptop GPU,20606811-3bb2-e6b5-ec74-b477d9c1d1d8,1124.62,2026/09/22 09:44:09.747,1545,7001,76,79.67,98,263,21.5504
NVIDIA GeForce RTX 3060 Laptop GPU,20606811-3bb2-e6b5-ec74-b477d9c1d1d8,1129.69,2026/09/22 09:44:14.838,1537,7001,76,79.76,97,263,21.4955
NVIDIA GeForce RTX 3060 Laptop GPU,20606811-3bb2-e6b5-ec74-b477d9c1d1d8,1134.78,2026/09/22 09:44:19.888,1530,7001,76,79.90,98,263,21.413
NVIDIA GeForce RTX 3060 Laptop GPU,20606811-3bb2-e6b5-ec74-b477d9c1d1d8,1139.83,2026/09/22 09:44:24.956,1537,7001,76,80.07,98,263,21.4955
NVIDIA GeForce RTX 3060 Laptop GPU,20606811-3bb2-e6b5-ec74-b477d9c1d1d8,1144.89,2026/09/22 09:44:30.007,1537,7001,76,80.03,93,263,21.358
NVIDIA GeForce RTX 3060 Laptop GPU,20606811-3bb2-e6b5-ec74-b477d9c1d1d8,1149.95,2026/09/22 09:44:35.089,1635,7001,76,79.86,98,263,21.413
NVIDIA GeForce RTX 3060 Laptop GPU,20606811-3bb2-e6b5-ec74-b477d9c1d1d8,1155.03,2026/09/22 09:44:40.140,1537,7001,76,79.65,96,263,21.468
NVIDIA GeForce RTX 3060 Laptop GPU,20606811-3bb2-e6b5-ec74-b477d9c1d1d8,1160.09,2026/09/22 09:44:45.204,1537,7001,76,79.57,98,263,21.468
NVIDIA GeForce RTX 3060 Laptop GPU,20606811-3bb2-e6b5-ec74-b477d9c1d1d8,1165.14,2026/09/22 09:44:50.272,1537,7001,76,79.79,97,263,21.4405
NVIDIA GeForce RTX 3060 Laptop GPU,20606811-3bb2-e6b5-ec74-b477d9c1d1d8,1170.22,2026/09/22 09:44:55.346,1530,7001,76,79.80,98,263,21.4405
NVIDIA GeForce RTX 3060 Laptop GPU,20606811-3bb2-e6b5-ec74-b477d9c1d1d8,1175.3,2026/09/22 09:45:00.402,1537,7001,76,79.86,98,263,21.5229
NVIDIA GeForce RTX 3060 Laptop GPU,20606811-3bb2-e6b5-ec74-b477d9c1d1d8,1180.36,2026/09/22 09:45:05.472,1545,7001,76,79.90,97,263,21.4405
NVIDIA GeForce RTX 3060 Laptop GPU,20606811-3bb2-e6b5-ec74-b477d9c1d1d8,1185.42,2026/09/22 09:45:10.531,1567,7001,76,79.93,97,263,21.5504
NVIDIA GeForce RTX 3060 Laptop GPU,20606811-3bb2-e6b5-ec74-b477d9c1d1d8,1190.47,2026/09/22 09:45:15.591,1642,7001,76,79.81,98,263,21.6054
NVIDIA GeForce RTX 3060 Laptop GPU,20606811-3bb2-e6b5-ec74-b477d9c1d1d8,1195.53,2026/09/22 09:45:20.638,1537,7001,76,79.77,98,263,21.6604
NVIDIA GeForce RTX 3060 Laptop GPU,20606811-3bb2-e6b5-ec74-b477d9c1d1d8,1200.58,2026/09/22 09:45:25.685,1530,7001,76,79.70,98,263,21.6879
